{"columns":[[0.0491718221481211,0.11907881640750706,0.3932710232252806,0.024094310524527707,0.6918572875342215,0.7675180540873912,0.08725304891274233,0.8557176841095734,0.8403841370820818,0.8907696748195567],[0.138227024723224,0.3477368477058109,0.19852090963358837,0.008197858843363659,0.5920407556271403,0.8010551449181886,0.5641848519912193,0.3277260730851096,0.9772642076169137,0.09940363694051435],[0.9725641606703476,0.1241890127157469,0.9418941527940101,0.9836615941923371,0.8025607099234905,0.661425351684768,0.34751338616076566,0.7781487141858242,0.19683218568761018,0.43805803761885986]],"colindex":{"lookup":{"a":1,"b":2,"c":3},"names":["a","b","c"]},"metadata":null,"colmetadata":null,"allnotemetadata":true}